{
    "canon canon powershot s110 4048 3048 brown 0.6904": {
        "projection_type": "brown",
        "width": 4048,
        "height": 3048,
        "focal_x": 0.6901811663402422,
        "focal_y": 0.6901811663402422,
        "c_x": -0.005916387747607981,
        "c_y": -0.0005385844557549001,
        "k1": -0.05771769012609301,
        "k2": -0.03246551871187402,
        "p1": -0.005138639582708612,
        "p2": 0.006964471872844193,
        "k3": -0.004721247788157599
    }
}